index,MOI,POL,EAWR,SCA,EA,NAO,SOI,AO
1951 Jan,0.26,1.79,-0.74,0.23,-1.47,-0.42,1.5,-0.085
1951 Feb,-1.38,1.23,-1.66,1.25,-0.17,0.35,0.9,-0.4
1951 Mar,-1.69,-1.29,0.11,-0.91,-2.34,-1.47,-0.1,-1.934
1951 Apr,0.51,-0.38,-2.31,-0.77,0.42,-0.38,-0.3,-0.776
1951 May,0.22,-0.19,0.93,0.5,-1.13,-0.5,-0.7,-0.863
1951 Jun,0.09,1.32,1.91,-0.02,-0.08,-1.35,0.2,-0.918
1951 Jul,1.4,0.47,-0.86,-1.57,-0.58,1.39,-1,0.09
1951 Aug,-0.73,0.17,-3.26,1.53,0.69,-0.41,-0.2,-0.377
1951 Sep,-0.46,-0.8,-0.26,-0.82,0.56,-1.18,-1.1,-0.818
1951 Oct,-0.05,-0.28,0.59,0.78,-0.68,2.54,-1,-0.213
1951 Nov,-0.63,2.32,0.48,0.43,0.11,-0.54,-0.8,-0.069
1951 Dec,-0.19,0.47,0.04,-0.71,0.21,1.13,-0.7,1.987
1952 Jan,0.09,-0.27,-1.07,-0.5,-2.26,0.57,-0.9,0.368
1952 Feb,-0.17,0.02,-1.46,-0.75,-1.84,-1.38,-0.6,-1.747
1952 Mar,0.53,0.25,0.16,-0.39,0.26,-1.97,0.5,-1.859
1952 Apr,-0.46,0.13,0.12,1.01,0.95,0.95,-0.2,0.539
1952 May,0.78,-0.81,0.24,-0.38,-0.18,-0.99,0.8,-0.774
1952 Jun,-0.67,-1.61,-0.4,-0.56,-0.14,-0.1,0.7,-0.441
1952 Jul,-0.49,0.94,-1.26,0.16,0.52,-0.06,0.5,0.383
1952 Aug,1.08,1.26,-0.95,-0.99,-0.16,-0.49,0.1,-0.03
1952 Sep,-0.48,-0.77,-1.68,-0.7,-2.13,-0.38,-0.2,-0.383
1952 Oct,0.68,0.16,-0.42,1.78,-0.54,-0.28,0.4,-0.437
1952 Nov,1.56,-0.05,-1.55,1.24,-1.43,-1.32,0,-1.891
1952 Dec,0.16,0.61,-0.26,0.85,-1.31,-0.49,-1.2,-1.827
1953 Jan,2,-0.06,0.84,-0.09,-2.69,-0.12,0.3,-1.036
1953 Feb,-0.55,1.09,-0.25,-0.61,-1.34,-1,-0.5,-0.249
1953 Mar,0.33,2.08,1.73,-1.16,-1.02,-0.45,-0.2,1.068
1953 Apr,-1.52,-0.01,-1.66,-0.19,-0.02,-1.96,0.2,-1.256
1953 May,-0.69,-0.81,0.09,-0.53,-1.54,-0.56,-1.7,-0.562
1953 Jun,-1.03,-1.73,-0.71,1.6,-1.32,1.41,0.1,0.023
1953 Jul,-1.58,-0.42,-0.71,-1.58,0.74,0.43,0,0.333
1953 Aug,-0.49,-1.4,-1.41,0.32,0.01,-1.04,-1.2,0.085
1953 Sep,0.74,1.25,0.58,0.24,-0.24,-0.19,-1.2,0.662
1953 Oct,1.32,-0.58,0,1.23,-0.43,1.95,0.1,-0.194
1953 Nov,-2.53,-1.45,0.16,0.02,0.18,0.96,-0.3,0.354
1953 Dec,-2.19,1.36,0.73,1.03,-1.05,-0.52,-0.5,0.575
1954 Jan,-0.82,0.55,0.52,0.77,-2.49,-0.08,0.7,-0.148
1954 Feb,-0.68,0.95,0.03,1.63,-1.02,0.4,-0.3,-0.181
1954 Mar,-1.03,2.58,0.48,0.38,-0.46,-1.27,0.3,0.476
1954 Apr,-0.18,-1.44,-0.29,-0.54,-2.77,1.31,0.6,0.512
1954 May,-1.16,-1.95,-2.13,0.31,-0.79,-0.03,0.5,-1.656
1954 Jun,1.05,-1.06,0.58,0.2,-0.69,0.06,0.1,-0.268
1954 Jul,1.01,-1.37,-1.5,0.52,-0.3,-0.57,0.4,0.341
1954 Aug,0.08,-0.19,0.29,-0.45,-0.57,-2.57,1.1,-0.122
1954 Sep,-1.85,0.23,-1.04,-0.95,0.64,-0.28,0.2,0.301
1954 Oct,0.24,-0.46,0.34,-0.59,-0.62,1.16,0.3,0.513
1954 Nov,-0.56,0.79,-0.51,1.15,-0.27,0.29,0.1,-0.328
1954 Dec,0.11,3.08,-0.58,3.06,-1.6,0.55,1.4,0.553
1955 Jan,-0.29,1.39,-0.79,-1.36,-0.24,-2.65,-0.5,-1.163
1955 Feb,-1.31,-0.26,-1.69,-0.87,0.03,-1.71,1.9,-1.542
1955 Mar,0.21,-1.13,0.25,-0.21,-1.37,-0.96,0.6,-1.568
1955 Apr,1.47,0.43,-0.01,-0.14,-1.52,-0.6,-0.1,0.194
1955 May,0.23,-0.09,0.92,-1.27,0.51,-0.26,1,0.242
1955 Jun,0.87,-1.36,1.43,0.22,-1.3,-0.8,1.3,-0.266
1955 Jul,0.75,0.19,0.55,1.81,-1.52,1.78,1.6,0.332
1955 Aug,-0.78,0.54,1.44,2.42,-0.75,1.25,1.5,0.76
1955 Sep,1.82,-1.81,-1.21,0.64,0.1,0.46,1.3,0.357
1955 Oct,1.25,0.64,-0.39,-0.09,-2.29,-1.09,1.5,0.099
1955 Nov,1.01,1,0.62,-0.26,-1.89,-1.49,1.2,-1.342
1955 Dec,0.65,0.14,0.73,-0.42,0.35,0.07,1,-0.444
1956 Jan,0.38,-0.04,-0.74,-0.23,-2.27,-0.76,1.3,-1.204
1956 Feb,1.36,0.24,-0.89,0.46,-2.61,-1.71,1.6,-2.029
1956 Mar,-0.79,1.53,0.33,0.9,-0.39,-0.46,1.3,0.47
1956 Apr,1.15,-0.7,-0.08,0.25,-1.35,-1.3,0.9,-0.868
1956 May,0.96,0.3,0.61,-0.82,-0.2,2.1,1.4,1.391
1956 Jun,-1.43,-0.53,-1.47,0.66,-0.66,0.41,1.1,0.28
1956 Jul,-0.27,-2.37,1.13,-0.13,-0.45,-0.72,1.1,-0.215
1956 Aug,0.68,-0.96,-0.16,-0.45,-1.41,-1.89,1.2,-0.652
1956 Sep,0.57,0.52,2.61,1.11,-0.42,0.38,0.1,-0.202
1956 Oct,0.34,0.36,0.53,0.27,-1.82,1.47,1.8,1.139
1956 Nov,-0.13,-1.13,-1.51,-0.65,-2.9,0.4,0.2,-0.066
1956 Dec,-0.41,0.42,0.38,2.25,-0.96,0,1.1,0.001
1957 Jan,0.31,0.91,0.69,0.75,-0.93,0.71,0.6,2.062
1957 Feb,-1.21,-2.27,-1.73,-0.92,0.7,-0.32,-0.1,-1.513
1957 Mar,-0.79,-0.37,0.45,-0.27,0.11,-1.73,0.2,-2.013
1957 Apr,-0.84,0.07,-0.48,0.83,-1.38,0.39,0.2,0.238
1957 May,2.28,-0.1,-1.42,0.08,-1.72,-0.68,-0.7,-0.966
1957 Jun,0.21,-0.88,2.45,-0.64,0.11,-0.42,0.2,-0.76
1957 Jul,-0.72,-2.35,-0.54,0.63,-1.34,-1.16,0.2,-0.646
1957 Aug,1.37,-1.38,-1.81,-0.22,-1.3,-0.83,-0.5,0.097
1957 Sep,0.77,-0.1,-1.79,-0.8,-1.39,-1.47,-0.9,-0.956
1957 Oct,-1.71,-1.01,0.57,-1.31,-0.42,1.95,0,0.903
1957 Nov,-1.15,-0.86,1.15,0.56,-1.89,0.63,-1,-1.38
1957 Dec,1.47,0.69,0.46,-0.3,-1.97,0.02,-0.3,0.828
1958 Jan,0.03,-0.38,-0.21,-0.34,-1.48,-1.14,-1.9,-1.438
1958 Feb,0.73,-0.26,-0.14,-0.38,0.61,-1.64,-0.5,-2.228
1958 Mar,-0.76,-0.4,2.15,0.28,-1.02,-2.46,0.3,-2.522
1958 Apr,-0.44,0.26,0.38,1.31,-1.21,0.26,0.4,-0.36
1958 May,-1.21,0.07,-0.24,-0.34,1.17,-0.17,-0.5,-0.336
1958 Jun,-0.41,0.97,0.38,0.31,1.14,-1.08,0.3,-1.149
1958 Jul,0.56,0.02,2.08,-0.33,-0.56,-1.69,0.4,-0.684
1958 Aug,-0.9,1.72,-0.81,0.75,0.29,-2.13,0.9,-0.755
1958 Sep,-0.58,0.58,3.31,1.48,1.27,0.08,-0.3,-0.012
1958 Oct,0.15,1.26,0.55,0.73,-0.7,0.68,0.1,0.77
1958 Nov,0.59,-0.45,0.56,0.48,-2.13,1.59,-0.4,-0.011
1958 Dec,0.07,-1.73,-0.08,-0.6,-0.3,-0.74,-0.6,-1.687
1959 Jan,1.11,-0.09,-0.87,-0.65,-0.72,-1.52,-0.9,-2.013
1959 Feb,-0.74,1.99,2.2,0.23,-0.55,0.33,-1.4,2.544
1959 Mar,-0.5,1.84,0.39,0.46,2.68,-0.56,1.3,1.432
1959 Apr,-1.49,-0.94,-0.07,0.26,0.48,0.25,0.4,0.119
1959 May,0,-0.89,-0.12,0.73,-1.84,0.41,0.5,-0.341
1959 Jun,0.98,-1.22,0.82,-0.22,0.12,0.71,-0.1,-0.033
1959 Jul,0.35,-0.47,0.57,0,-0.03,0.77,-0.3,0.105
1959 Aug,0.41,-1.09,1.03,0.99,-1.89,-0.05,-0.1,-0.745
1959 Sep,-1.55,-0.59,3.68,0.19,-0.57,1,0,-0.281
1959 Oct,1.04,-0.81,1.84,2.38,0.23,1.48,0.5,-0.249
1959 Nov,0.47,-0.23,-0.88,2.04,-1.16,0.3,0.9,-1.411
1959 Dec,0.02,2.33,-1.02,2.29,0.49,0.32,0.9,-0.042
1960 Jan,0.32,-1.42,0.06,0.06,-0.22,-2.01,0.1,-2.484
1960 Feb,-1.06,0.08,0.15,-0.29,0.99,-2.59,0.1,-2.212
1960 Mar,-0.97,0.2,3.27,1.75,0.09,-0.93,1,-1.625
1960 Apr,-0.34,-0.49,-0.6,0.93,-1.89,1.33,0.8,-0.297
1960 May,-0.34,-1.28,-1.3,0.47,-0.68,0.47,0.5,-0.857
1960 Jun,0.59,-0.45,0.02,0.16,0.42,0.1,0.1,0.055
1960 Jul,-2.42,-2.94,0.86,1.55,-0.29,0.38,0.5,-0.619
1960 Aug,-0.55,-0.55,1.58,1.81,-0.34,-1.93,0.8,-1.008
1960 Sep,-1.05,-1.09,-0.81,1.41,-0.39,0.53,0.7,-0.382
1960 Oct,0.29,0.45,0.59,2.09,-1.05,-1.37,0.1,-1.187
1960 Nov,0.1,0.33,0.81,1.44,0.98,-0.67,0.5,-0.553
1960 Dec,0.84,-0.07,-1.97,0.48,-2.47,-0.03,0.8,-0.343
1961 Jan,0.76,0.37,-0.52,1.21,-0.44,-0.03,-0.3,-1.506
1961 Feb,0.54,1.23,0.19,-0.07,0.75,0.07,0.9,0.621
1961 Mar,1.24,0.12,-0.62,-1.64,-0.45,0.17,-1.8,0.341
1961 Apr,-1.04,-0.59,1.25,-0.34,1.52,-1.83,0.8,-0.237
1961 May,-0.1,1.04,-0.38,0.41,-0.72,-0.28,0.3,0.157
1961 Jun,0.25,-0.49,-1.36,0.65,1.83,1.17,0.1,0.837
1961 Jul,-0.37,-2.07,0.36,0.35,-0.74,-0.36,0.2,-0.108
1961 Aug,-1.86,-1.7,0.69,0.14,-0.16,1.03,0.2,0.013
1961 Sep,-0.03,0.18,1.78,1.38,0.64,1.36,0.1,0.815
1961 Oct,-1,0.02,-1.05,2.75,-0.73,1.07,-0.3,0.203
1961 Nov,-1.26,1.46,-0.16,0.5,-1.25,-0.79,0.5,-0.01
1961 Dec,-0.96,2.11,-0.26,0.25,0.95,-1.46,1.5,-1.668
1962 Jan,1.46,1.78,-0.62,-0.53,0.36,0.2,2,1.645
1962 Feb,-0.5,0.83,-0.12,-0.64,-2.01,0.18,-0.3,-0.358
1962 Mar,-0.47,-0.89,-0.33,-0.92,-1.26,-2.99,0.1,-2.848
1962 Apr,-0.91,0.81,-0.29,0.64,-0.52,0.93,0.2,1.169
1962 May,-0.2,0.3,0.24,-1.25,-1.05,-0.04,1.1,0.068
1962 Jun,1.3,-0.57,1.01,-0.09,-0.72,0.47,0.7,0.287
1962 Jul,0.07,-0.15,-0.42,-0.83,-1.4,-2.43,0.1,-0.927
1962 Aug,0.25,-0.48,1.4,-0.96,-0.41,0.05,0.6,0.152
1962 Sep,0.33,-0.38,-0.13,-0.14,0.29,-0.21,0.4,-0.056
1962 Oct,0.57,0.05,1.19,-0.14,-0.94,0.96,1,-0.016
1962 Nov,-1.18,-0.09,-2,1.21,-1.98,-0.38,0.3,-1.112
1962 Dec,-0.63,0.44,-0.08,-0.61,-1.88,-1.31,0.2,-0.711
1963 Jan,0.15,2.07,-0.09,-0.64,-2.76,-2.98,1,-3.311
1963 Feb,-0.95,3.53,-1.07,-0.02,-0.07,-1.53,0.6,-1.721
1963 Mar,-0.94,1.11,2.08,-0.6,0.85,-0.85,1.1,0.724
1963 Apr,-0.92,1.22,-0.46,0.95,-1.04,-1.61,0.8,-0.348
1963 May,-1.29,-0.23,-1.84,0.94,-0.62,2.05,0.4,0.771
1963 Jun,0.8,-0.07,0.97,0.98,-1.44,-0.13,-0.5,-0.585
1963 Jul,-0.67,0.96,0.85,0.77,-0.76,-0.74,-0.1,-0.303
1963 Aug,0.02,-1.98,-0.08,0.39,-0.96,-0.95,0,-0.625
1963 Sep,1.97,0.49,-0.77,0.46,-0.66,1.89,-0.6,0.083
1963 Oct,1.16,0.54,0.6,0.23,-0.99,1.53,-1.2,1.069
1963 Nov,0.56,1.29,0.51,0.02,0.98,-1.47,-0.8,-0.419
1963 Dec,0.17,-0.56,0.18,-1.55,-0.85,-1.87,-1.2,-1.178
1964 Jan,-0.48,1.7,2.14,0.38,-0.15,-1.62,-0.4,0.385
1964 Feb,0.17,1.12,-0.23,-0.46,-0.33,-2.06,0,-0.575
1964 Mar,-0.47,2.01,1.42,1.17,1.07,-1.66,1.1,-0.558
1964 Apr,0.71,0.6,0.93,0.84,0.05,0.25,1.1,0.663
1964 May,0.02,1.71,0.7,0.07,0.72,0.53,0.2,1.174
1964 Jun,-0.21,0.4,1.77,0.41,0.21,1.61,0.8,0.142
1964 Jul,2.22,0.52,0.36,-1.06,-1.27,1.92,0.6,0.734
1964 Aug,-0.59,-0.88,3.04,0.26,-1.35,-2.4,1.5,-1.207
1964 Sep,-1.01,-0.59,0.8,-0.84,0.26,0.34,1.3,-0.227
1964 Oct,-2.02,0.2,-0.42,1.15,-1.35,1.32,1.3,0.342
1964 Nov,0.5,-1.13,0.86,-1.03,-0.67,-0.14,0.2,-0.344
1964 Dec,-1.39,0.43,-0.27,1.16,-2.98,-0.23,-0.3,-0.246
1965 Jan,-0.26,0.85,-0.37,0.39,-1.83,-0.65,-0.4,-1.046
1965 Feb,0,-1.02,1.46,-0.21,-2.32,-2.2,0.4,-2.084
1965 Mar,-1.88,1.92,-1.84,-0.42,0.89,-1.99,0.8,-0.905
1965 Apr,-1.02,0.57,0.67,0.29,-1.89,0.64,-0.5,0.568
1965 May,-0.74,0.64,2.95,-0.61,-0.85,-0.52,0.2,-0.153
1965 Jun,-0.7,0.62,1.33,0.14,-0.16,0.6,-0.6,0.038
1965 Jul,-0.35,-1.04,0.37,-1.36,-1.71,0.35,-1.8,-0.51
1965 Aug,0.64,-1.55,1.29,0.53,-1.81,0.45,-0.7,-0.255
1965 Sep,-1.45,-1.06,0.66,0.99,-0.54,0.51,-1.3,-0.698
1965 Oct,-2.1,1.6,3.08,1.67,-1.49,0.92,-0.9,0.394
1965 Nov,-1.18,-1.82,-0.4,0.57,-0.46,-1.88,-1.5,-1.341
1965 Dec,-1.33,1.22,-1.13,0.95,0.28,1.18,0.2,0.163
1966 Jan,0.56,0.96,-0.49,0.33,0.16,-2.54,-1.3,-3.232
1966 Feb,0.67,-1.28,-0.02,-0.16,1.69,-2.02,-0.2,-1.438
1966 Mar,1.57,-0.55,1.5,-0.45,-2.42,0.18,-0.9,-0.911
1966 Apr,-0.62,-0.73,0.08,1.5,0.73,-0.96,-0.2,-1.837
1966 May,-1.28,2.35,0.06,0.24,1.02,0.25,-0.4,1.124
1966 Jun,-2.64,0.68,0.84,1.25,-0.05,1.37,0.3,0.408
1966 Jul,-1.17,-0.53,-1.23,0.43,-1.74,0.35,0.1,0.011
1966 Aug,-0.7,0.79,1.87,0.23,-0.14,-2.39,0.6,-0.945
1966 Sep,-0.22,0.76,2.66,-1.73,-1.11,-0.29,-0.2,0.011
1966 Oct,-0.93,0.93,0.87,1.9,-1.26,-0.23,-0.1,-1.077
1966 Nov,0.37,0.72,-2.94,1,-1.11,-0.18,0,0.111
1966 Dec,-0.38,1.35,-0.61,3.15,-1.96,0.58,-0.3,-1.401
1967 Jan,2.33,1.11,0.34,0.19,-0.95,-1.55,1.7,-0.576
1967 Feb,-0.83,2.46,-0.52,0.64,-0.22,-0.23,1.7,1.18
1967 Mar,-1.12,-0.44,-0.01,-0.73,-1.34,1.18,1.2,1.967
1967 Apr,-0.5,1.63,-1.07,-1.12,-2.75,0.05,0,1.7
1967 May,0.05,0.98,-0.18,1.37,0.9,-0.87,0,0.127
1967 Jun,-0.81,-0.33,1.86,0.38,-1.31,1.72,0.6,0.647
1967 Jul,0.14,-0.18,1.25,-1.72,0.5,0.44,0.2,0.259
1967 Aug,-1.28,-1.24,-0.8,1.12,-0.14,1.73,0.7,-0.293
1967 Sep,1.3,-0.12,0.83,1.21,-1.03,1.05,0.5,0.133
1967 Oct,1.29,1.47,-0.25,-1.58,0.59,0.59,0.1,1.299
1967 Nov,0.18,2.19,-1.66,1.36,-0.84,0.5,-0.4,0.334
1967 Dec,1.31,-0.62,0.4,-1.23,-3.32,-0.51,-0.6,-0.347
1968 Jan,0.13,-0.88,0.62,-1.06,-2.67,-0.36,0.5,-0.409
1968 Feb,-0.61,1.86,-1.26,-0.44,-0.14,-1.91,1.3,-2.154
1968 Mar,-0.18,0.98,2.16,-1.36,-1.61,0.02,0.1,1.741
1968 Apr,2.5,-0.36,-0.01,-0.2,0.42,-1.32,0,0.328
1968 May,1.6,1.62,0.16,0.74,0.4,-1.58,1.2,-0.241
1968 Jun,-0.96,1.5,1.26,1.01,0.44,0.64,1.1,0.42
1968 Jul,-1.3,0.28,2.57,0.87,-0.92,-0.77,0.7,-0.836
1968 Aug,-0.23,1.26,-0.46,0.57,-1.93,-0.97,0.3,-0.671
1968 Sep,2.57,-0.84,0.11,0.97,0.14,-1.73,-0.3,-1.009
1968 Oct,-2.59,0.62,1.59,-0.45,0.27,-1.99,-0.1,-1.013
1968 Nov,1.79,0.4,2.2,1.56,-0.28,-1.11,-0.3,-2.183
1968 Dec,0.4,1.36,-0.58,1.06,-0.15,-1.39,0.2,-0.783
1969 Jan,-0.65,-1.55,0.17,1.49,-1.7,-1.48,-1.5,-2.967
1969 Feb,-0.24,0.19,-2.12,1.41,-0.52,-2.2,-0.5,-3.114
1969 Mar,-0.86,1.19,1.61,0.52,0.02,-2.04,0.4,-1.582
1969 Apr,0.82,0.6,0.56,0.28,-1.37,1.52,-0.4,0.438
1969 May,1.26,-0.72,0.99,1.47,0.97,0.56,-0.2,-0.72
1969 Jun,2.02,0.52,2.16,1.05,0.57,0.86,0.2,-0.348
1969 Jul,-0.79,-0.4,1.61,-2.15,-0.1,0.6,-0.5,0.41
1969 Aug,-1.87,-0.68,-0.21,1.44,-1.82,-1.99,-0.1,-0.782
1969 Sep,-1.74,0.35,-0.68,-0.06,-0.51,2.17,-1,-0.083
1969 Oct,-0.31,-0.84,2.33,-0.65,0.54,1.23,-0.9,0.098
1969 Nov,-1.29,1.18,-2.27,-0.27,-0.48,-1.14,-0.1,0.326
1969 Dec,-0.06,-0.06,-0.96,1.2,-2.81,-0.35,0.4,-1.856
1970 Jan,0.45,-0.06,-0.14,0.84,1.25,-2.26,-1.1,-2.412
1970 Feb,-1.98,-1.74,-1.15,-0.45,-0.17,0.28,-1,-1.325
1970 Mar,-0.87,-0.27,-4.17,1.11,-0.7,-1.41,0.6,-2.084
1970 Apr,1.14,1.11,-0.18,-0.41,1.2,-1.56,-0.1,0.302
1970 May,0.54,0.17,-0.2,0.81,-0.41,1.11,0.4,0.531
1970 Jun,0.65,1.19,0.36,1.53,-0.03,1.87,1,0.875
1970 Jul,1.02,0.05,1.15,-1.24,-0.46,0.13,-0.4,0.139
1970 Aug,-0.1,-0.4,2.4,2.24,-0.47,0,0.6,-0.263
1970 Sep,2.31,-0.77,-0.12,-0.33,0.41,0.06,1.2,0.03
1970 Oct,-1.15,0.53,0.46,-0.57,-0.88,-0.49,1,0.098
1970 Nov,-1.15,0.48,-0.35,0.03,0.58,-0.76,1.6,0.378
1970 Dec,-1.98,0.55,0.81,0.73,-1.89,-1.2,1.9,-0.399
1971 Jan,1.53,2.6,-1.57,-0.18,1.72,-1.82,0.4,-0.163
1971 Feb,0.48,-1.85,0.38,0.11,-1.26,-0.17,2,-0.922
1971 Mar,-0.05,0.42,-0.32,0.3,-1.59,-1.28,2.3,-1.091
1971 Apr,1.31,-0.81,0.66,0.41,-1.74,-0.41,1.7,-0.583
1971 May,-1.16,1.16,0.72,1.34,-0.43,0.51,0.9,0.679
1971 Jun,-2.36,0.19,0.95,1.31,-0.71,-1.28,0.4,-0.668
1971 Jul,-1.01,0.19,0.02,0,-1.24,0.27,0.2,-0.578
1971 Aug,-1.37,-0.36,1.67,0.18,-1.68,1.87,1.5,0.818
1971 Sep,-1.58,0.38,-0.3,-0.3,-2.12,0.53,1.4,0.153
1971 Oct,-3.51,0.93,1.94,-0.74,-0.2,1.14,1.7,1.185
1971 Nov,0.02,1.43,-1.35,-1.43,-1.9,-0.34,0.5,0.419
1971 Dec,-0.46,-0.12,1.63,0.44,-2.07,0.47,0.3,0.824
1972 Jan,-2.98,-0.5,0.56,2.42,-0.97,-0.19,0.5,0.166
1972 Feb,-3.65,1.55,-1.07,2.01,0.59,-0.08,1.1,-0.195
1972 Mar,1.08,-0.45,2.15,0.15,-1.88,0.35,0.6,-0.141
1972 Apr,-1.67,0.67,-0.57,-0.89,-1.15,-0.38,-0.1,1.007
1972 May,-0.45,0.13,0.03,1.63,-0.42,0.93,-1.6,0.14
1972 Jun,-2.25,-2.51,0.91,1.75,0.82,1.19,-0.5,-0.049
1972 Jul,-0.87,-0.03,-0.16,2.13,-0.97,0.21,-1.4,-0.553
1972 Aug,-1.95,0.22,-1.63,1.32,-1.55,1.57,-0.5,-0.082
1972 Sep,-1.46,-0.84,1.22,1.24,-2.69,0.03,-1.4,-0.92
1972 Oct,1.7,0.13,0.47,0.52,-1.94,1.7,-0.9,0.392
1972 Nov,-0.64,-1.45,-0.07,-0.34,0.22,0.43,-0.3,-0.38
1972 Dec,0.82,0.06,-0.21,0.59,0.31,0.09,-1.3,1.238
1973 Jan,1.83,1.2,1.06,1.68,0.94,-0.46,-0.3,1.232
1973 Feb,0.6,1.37,-0.89,-0.57,-1.03,0.52,-1.4,0.786
1973 Mar,1.76,0.44,-0.35,-0.24,-0.03,-0.09,0.7,0.537
1973 Apr,0.54,-1.14,-0.32,-0.13,-1.53,-0.73,0.1,-1.126
1973 May,1.19,0.99,-0.71,0.27,1.32,-0.36,0.4,0.073
1973 Jun,-1.55,0.91,0,0.56,0.21,0.7,1.1,0.531
1973 Jul,-0.96,-1.37,1.35,1.86,-0.58,0.6,0.6,0.27
1973 Aug,-0.2,-0.22,1.67,-0.95,-0.46,-0.2,1.3,0.313
1973 Sep,1.26,0,2.91,-0.67,0.88,-0.15,1.2,0.114
1973 Oct,0.87,0.5,1.34,-0.59,-0.99,-0.84,0.8,0.337
1973 Nov,0.25,-1.51,-0.34,-1.87,-0.27,-1.11,2.6,0.002
1973 Dec,0.94,-0.45,-0.34,-1.52,-2.78,0.21,1.8,-0.181
1974 Jan,-0.31,-1.83,0.47,1.18,0.3,1.05,2.4,0.232
1974 Feb,0.8,0.46,-1.65,0.56,0,-0.6,2.1,-0.489
1974 Mar,-0.33,0.79,-0.86,1.71,-0.24,-0.43,2.4,-0.746
1974 Apr,0.58,0.07,1.3,0.89,-3.14,0.41,0.9,0.309
1974 May,-0.56,-0.22,0.72,0.17,-0.72,-0.17,1,-0.507
1974 Jun,-1.52,-0.91,1.81,1.41,0.09,0.17,0.4,-0.048
1974 Jul,1.66,-0.77,0.33,0.1,-1.46,-0.73,1.1,0.39
1974 Aug,-0.94,0.8,0.94,0.26,-0.37,-0.95,0.8,-0.533
1974 Sep,0.56,-0.31,-0.55,0.85,-0.05,0.95,1.1,-0.136
1974 Oct,-0.48,-1.73,-1.46,1,-2.68,1.04,0.9,-1.024
1974 Nov,-0.21,0.48,-0.27,0.88,-0.12,-0.7,-0.1,-0.435
1974 Dec,-0.23,2.55,0.48,2.06,-0.67,1.3,0.2,0.556
1975 Jan,0.95,0.42,-0.22,-0.81,-0.15,0.17,-0.5,1.595
1975 Feb,0.66,0.67,1.35,0.29,-0.31,-1.15,0.8,0.194
1975 Mar,0.15,1.21,0.85,-0.06,-0.53,-1.04,1.6,0.151
1975 Apr,1,0.61,-1.69,-0.51,0.03,-1.89,1.2,0.409
1975 May,-0.81,0.53,-0.51,0.5,-1.36,-0.43,0.6,-0.614
1975 Jun,1.87,0.48,0.97,0.28,-1.51,-0.54,1.3,-0.323
1975 Jul,0.34,0.23,0.45,-0.13,-1.13,1.57,1.9,0.345
1975 Aug,-0.62,0.19,2.24,1.72,-1.74,-0.46,2,0.13
1975 Sep,-1.59,0.46,-0.71,0.22,0.16,1.67,2.1,1.278
1975 Oct,0.45,0.62,1.63,1.73,0.26,-0.08,1.7,0.138
1975 Nov,-1.32,0.21,0.32,0.1,-1.21,0.3,1.2,0.619
1975 Dec,-1.99,1.69,0.92,-1.48,-3.13,-0.09,2.1,1.29
1976 Jan,-1.21,-0.24,0.61,-1.57,-2.72,-0.8,1.4,0.034
1976 Feb,0.94,0.87,0.86,0.87,-0.9,0.61,1.7,1.656
1976 Mar,-1.43,-0.47,-1.58,1.17,-1.27,0.38,1.7,0.587
1976 Apr,-1.22,0.77,-0.68,-0.4,-2.32,0.14,0.3,0.44
1976 May,-0.09,-0.28,-0.31,0.36,0.25,0.94,0.4,0.06
1976 Jun,-0.11,-1.08,2.24,0.14,-2.18,1.11,0.3,0.328
1976 Jul,0.02,-0.35,1.97,2.14,-1.99,-0.29,-0.9,-0.325
1976 Aug,-0.87,0.53,-1,1.53,-3.33,2.34,-0.8,0.559
1976 Sep,-1.92,0.26,1.69,0.33,-2.21,-1.11,-1.1,-0.743
1976 Oct,-0.31,0.41,0.96,2.75,0.2,0.42,0.4,-0.804
1976 Nov,-1.08,2.79,-0.48,0.68,-0.63,0.04,0.7,-0.087
1976 Dec,-0.6,0.89,-1.78,1.89,-0.42,-1.57,-0.3,-2.074
1977 Jan,-0.55,-2.48,-0.49,1.11,-0.8,-1.72,-0.4,-3.767
1977 Feb,-0.96,-0.17,-1.73,0.84,2.06,-1,1.2,-2.01
1977 Mar,-1,0.32,0.45,-0.6,1.92,-1.25,-0.5,0.344
1977 Apr,-1.47,0.97,-1.01,-1.59,0.36,0.56,-0.4,1.329
1977 May,-2.01,0.33,-1.21,-0.25,-1.67,-0.75,-0.5,0.104
1977 Jun,0.88,-0.18,0.3,0.58,-0.34,-0.27,-0.9,-0.226
1977 Jul,-2.7,-0.83,-0.01,2.11,-0.54,-0.42,-1.1,-0.492
1977 Aug,-1.97,-0.19,-1.13,1.38,-0.05,-0.49,-0.8,-1.412
1977 Sep,0.26,0.2,0.88,-0.54,-0.95,0.51,-0.8,0.586
1977 Oct,-2.54,-0.54,1.01,1.8,0.23,1.08,-1,-0.009
1977 Nov,-1.1,0.21,-0.87,-0.66,0.04,-0.21,-1.3,0.605
1977 Dec,1.23,0.88,0.33,0.49,0.89,-1.02,-1.1,-0.24
1978 Jan,-1.56,1.77,-0.63,0.51,-1.12,0.26,-0.3,-0.347
1978 Feb,-0.49,1.69,-0.98,0.23,0.79,-2.94,-2.7,-3.014
1978 Mar,-1.25,0.26,-0.24,0.43,0.95,0.33,-0.2,0.502
1978 Apr,-2.29,-0.22,1.22,0.79,-1.13,-1.42,-0.3,-0.967
1978 May,0.02,-1.04,0.1,0.87,-0.83,1.05,1.4,0.059
1978 Jun,-0.18,-0.31,-0.14,0.44,1.02,1.7,0.7,0.635
1978 Jul,0.38,-0.68,0.38,0.99,0.12,-1.11,0.6,-0.604
1978 Aug,0.49,-1.68,1.73,0.94,-1.39,0.7,0.4,-0.354
1978 Sep,1.69,-0.13,0.83,-1.6,-1.08,0.6,0.1,-0.099
1978 Oct,0.13,0.1,1.42,-0.5,-2.06,2.61,-0.4,0.895
1978 Nov,2.31,1.23,1.1,-0.68,-0.01,3.06,0,2.47
1978 Dec,0.76,-0.28,0.29,-0.23,1.5,-1.54,-0.1,-0.98
1979 Jan,2.18,0.71,-0.79,0.53,-0.98,-2.12,-0.4,-2.233
1979 Feb,1.6,1.81,-0.2,0.19,1.28,-1.2,1,-0.697
1979 Mar,-1.44,-1.87,-0.1,0.75,-0.94,0.41,0.1,-0.814
1979 Apr,-0.15,0.08,0.15,0.22,-0.63,-2.01,-0.1,-1.157
1979 May,-1.2,0.77,-0.83,-0.38,1.45,-0.9,0.5,-0.25
1979 Jun,0.08,-0.16,0.78,0.19,0.15,1.92,0.6,0.933
1979 Jul,-0.89,-1.28,-0.44,-1.45,-0.59,0.86,1.3,0.039
1979 Aug,0.81,-1.53,-0.42,0.38,-0.92,1.11,-0.2,-0.684
1979 Sep,0.77,-0.65,-0.26,-1.41,-0.42,1.13,0.1,-0.046
1979 Oct,-1.41,-0.27,0.65,1.26,-0.26,0.18,-0.1,-1.243
1979 Nov,-1.08,0.74,-1.54,-0.15,0.62,0.42,-0.4,0.475
1979 Dec,-0.01,1.67,0.19,0.35,0.94,0.84,-0.7,1.295
1980 Jan,0.17,-0.92,0.31,0.44,-1.08,-1.38,0.4,-2.066
1980 Feb,1.85,0.99,-0.3,0.82,-0.13,-0.39,0.3,-0.934
1980 Mar,0.27,-0.52,-1.42,1.27,0.18,-0.73,-0.4,-1.433
1980 Apr,-1.04,-0.28,0.3,0.62,-1.99,1.26,-0.6,-0.419
1980 May,0.02,-0.37,0.24,0.68,-1.45,-1.34,0,-1.155
1980 Jun,1.72,1.39,-1.86,0.32,0.38,-0.07,0,0.721
1980 Jul,-1.76,-0.66,0.45,0.63,0.09,-0.39,0,-0.622
1980 Aug,1.47,0.19,1.18,-1.35,-0.68,-3.01,0.4,-0.185
1980 Sep,1.69,-0.02,-0.04,-0.14,0.9,0.79,-0.5,0.313
1980 Oct,0.35,-0.11,0.04,-1.17,0.42,-1.41,0,-0.521
1980 Nov,1.38,0.04,1.35,-0.4,-0.2,-0.52,-0.3,-1.361
1980 Dec,-1.42,-0.43,-1.17,-1.51,-1.29,0.63,-0.1,-0.057
1981 Jan,1.01,1.91,0.11,-0.75,-2.52,-0.08,0.4,-0.116
1981 Feb,-1.1,0.17,-1.13,0.59,-0.95,0.6,-0.2,-0.332
1981 Mar,0.57,-0.83,0.9,-0.87,1.58,-1.65,-1.3,-1.645
1981 Apr,-1.55,-0.77,1.37,-1.34,-1.5,0.25,-0.1,0.43
1981 May,-0.66,1.3,0.07,1.42,0.09,0.24,0.8,0.18
1981 Jun,0.1,0.02,-0.34,-1.07,0.57,-0.15,1.2,-0.438
1981 Jul,-1.22,0.52,-1.08,0.7,0.83,0.08,0.8,0.561
1981 Aug,-0.16,-2.21,-2.09,-0.05,-1.48,0.38,0.7,-0.244
1981 Sep,1.43,-0.64,-0.73,-0.06,0.54,-1.27,0.3,-1.04
1981 Oct,0.91,-1.91,-2.08,-1.35,0.16,-0.96,-0.4,-1.167
1981 Nov,1.13,-0.49,-1.23,-0.69,0.01,-0.53,0.2,-0.188
1981 Dec,1.13,0.07,-1.62,-0.47,0.58,-0.11,0.5,-1.216
1982 Jan,-0.34,0.74,0.3,-0.77,-0.23,-1.55,1.2,-0.883
1982 Feb,-1.41,0.1,1.32,0.73,-0.08,0.86,0.3,0.974
1982 Mar,-0.71,-0.39,0.75,0.72,-0.47,0.8,0.6,1.074
1982 Apr,-0.28,0.59,-0.29,-1.57,-0.97,-0.04,0.1,1.454
1982 May,-0.77,-0.11,0.1,-0.86,0.72,-0.44,-0.3,-0.209
1982 Jun,0.59,0.46,2.17,-0.95,1.23,-1.34,-1,-1.18
1982 Jul,-0.17,0.37,-0.2,0.39,-1.59,1.18,-1.5,0.005
1982 Aug,0.33,0.48,-0.11,-0.5,0.33,0.21,-1.7,0.362
1982 Sep,-0.69,1.16,-0.49,-0.3,1.15,1.86,-1.7,0.558
1982 Oct,-1.66,-0.19,0.53,1.47,0.74,-0.29,-1.7,-0.211
1982 Nov,-0.73,-0.98,0.16,0.21,0.85,1.55,-2.6,0.661
1982 Dec,-3.46,-0.81,0.02,-0.28,-1.34,1.56,-2.2,0.967
1983 Jan,-4.29,-0.79,1.31,-1.33,0.59,1.34,-3.5,1.359
1983 Feb,-0.68,1.18,0.47,0.47,-1.05,-1.04,-3.6,-1.806
1983 Mar,-1.86,-1.12,-0.03,-0.52,-0.36,0.59,-2.4,-0.567
1983 Apr,-0.44,0.39,-1.85,1.24,1.31,-1.07,-0.9,-0.738
1983 May,-1.43,-0.37,-0.36,1.48,1.06,-0.01,0.6,-0.441
1983 Jun,-1.97,-0.48,0.75,-0.55,-0.92,1.31,0,0.313
1983 Jul,-0.8,-0.01,-0.98,0.74,-1.72,1.22,-0.6,0.131
1983 Aug,-0.78,1.2,0.98,-0.44,-0.54,1.95,0.1,1.098
1983 Sep,-1.66,-0.8,0.93,0.06,1.93,-0.95,0.9,0.167
1983 Oct,-2.55,0.42,0.37,-1.87,0.12,1.22,0.4,1.369
1983 Nov,-0.96,0.7,1.72,-1.83,0.04,-1.16,-0.1,-0.688
1983 Dec,-2.71,-1.28,-0.98,-1.87,-0.05,0.18,0,0.186
1984 Jan,0.47,-0.9,-2.06,-0.46,-0.31,1.42,0.2,0.905
1984 Feb,0.79,0.24,-1.78,1.31,-0.34,0.37,0.9,-0.303
1984 Mar,0.66,1.24,-2.14,1.46,-0.9,-0.79,-0.2,-2.386
1984 Apr,1.44,0.78,0.64,1.51,-0.4,-0.45,0.3,-0.284
1984 May,2.93,0.82,-1.72,0.98,-0.92,0.55,0.2,0.479
1984 Jun,1.07,-0.74,-0.17,0.03,-1.29,-0.12,-0.3,0.007
1984 Jul,1.78,-1.53,0.32,-0.72,-0.41,-0.04,0.2,0.019
1984 Aug,1.94,-0.98,2.08,1.24,-2.22,1.35,0.4,0.466
1984 Sep,1.91,-0.87,-0.63,-0.38,-1.59,0.31,0.1,-0.413
1984 Oct,0.34,-1.76,-0.17,-0.3,1.91,0.43,-0.3,-0.27
1984 Nov,1.13,-0.58,1.18,1.13,0.64,-0.2,0.3,-0.966
1984 Dec,-0.46,0.6,0.06,2.84,-1.18,-0.09,-0.1,0.446
1985 Jan,0.79,0.05,-0.34,0.41,-0.78,-2.38,-0.3,-2.806
1985 Feb,-0.28,-1.72,0.38,-0.2,-0.14,-1,1.2,-1.44
1985 Mar,0.66,1.48,0.18,1.07,-0.56,-0.19,0.8,0.551
1985 Apr,2.24,-0.38,0.48,-0.88,0.3,0.2,1.2,0.652
1985 May,0.98,0.03,-0.14,1.28,-0.66,-0.4,0.4,-0.432
1985 Jun,-0.36,-1.21,1.06,0.11,1.06,-0.5,-0.4,-0.347
1985 Jul,-0.46,-1.98,1.71,0.15,-0.23,1.25,-0.1,-0.39
1985 Aug,-1.02,-0.19,0.63,0.25,0.63,-0.74,1,-0.001
1985 Sep,0.76,-1.24,0.54,-2.12,-0.18,-0.36,0,0.114
1985 Oct,-1.82,0.23,1.69,0.37,0.17,1.49,-0.4,1.035
1985 Nov,1.04,-0.49,-0.88,0.06,-0.17,-0.84,-0.2,-1.218
1985 Dec,0.45,-2.86,-0.05,0.06,0.12,0.11,0.2,-1.948
1986 Jan,-0.02,0.02,-1.11,0.16,-0.78,0.78,1,-0.568
1986 Feb,0.34,1.52,-0.07,0.94,-0.59,-1.58,-1,-2.904
1986 Mar,1.08,1.55,1.35,1.15,0.33,1.39,0.5,1.931
1986 Apr,1.35,0.87,-1.62,0.39,0.1,-0.79,0.3,0.103
1986 May,0.22,-0.86,0.72,0.14,1.4,0.84,-0.2,0.367
1986 Jun,0.32,1.57,-0.19,1.4,0.86,1.54,1,0.535
1986 Jul,1.71,-0.31,0.87,-1.95,-0.71,0.15,0.3,-0.008
1986 Aug,-0.23,-0.66,0.8,0.55,-0.33,-1.53,-0.4,-0.826
1986 Sep,0.75,1,1.96,-2.04,-1.34,-0.95,-0.5,-0.023
1986 Oct,0.33,0.73,1.19,-1.69,0.91,2.2,0.6,1.425
1986 Nov,-1.18,-0.3,-0.05,0.15,0.72,2.27,-1.2,0.926
1986 Dec,-3.04,-0.06,1.42,0.49,1.13,0.83,-1.4,0.06
1987 Jan,-1.2,0.17,0.82,0.18,0.06,-1.85,-0.7,-1.148
1987 Feb,-2.4,0.2,-0.03,-0.52,0.78,-1.27,-1.2,-1.473
1987 Mar,0.56,0.21,0.48,1.03,-1.53,-0.26,-1.3,-1.746
1987 Apr,-0.38,-1.11,1.85,0.66,0.76,2.03,-1.4,0.387
1987 May,-0.74,-0.45,-0.18,-1.4,-0.9,0.96,-1.3,0.325
1987 Jun,1.48,0.89,-0.96,0.32,0.95,-1.53,-1.1,-0.71
1987 Jul,-1,0.59,-0.71,-0.97,-2.42,0.55,-1.4,-0.466
1987 Aug,-0.23,-0.09,-0.98,-1.65,-1.26,-1.19,-0.9,-0.836
1987 Sep,-0.63,-1.26,1.7,-1.01,1.53,-1.04,-1,0.287
1987 Oct,-0.88,0.78,-2.46,1.4,1.01,0.66,-0.4,-0.08
1987 Nov,0.27,0.16,0.17,0.36,-0.54,0.06,0,-0.536
1987 Dec,0.78,-1.26,1.22,-1.38,0.95,0.21,-0.5,-0.534
1988 Jan,0.49,0.66,-1.09,0.72,0.99,0.68,-0.1,0.265
1988 Feb,-0.41,-1.07,-1.44,0.6,-0.83,0.42,-0.4,-1.066
1988 Mar,1.16,0.89,-2.23,0.49,0.4,-0.58,0.6,-0.197
1988 Apr,0.76,0.81,0.39,-0.96,0.19,-1.42,0.1,-0.561
1988 May,-0.06,-2.31,-1.03,0.85,-0.01,0.64,0.9,-0.846
1988 Jun,1.22,-0.6,-1.14,1.93,-1.71,1.19,0.1,0.061
1988 Jul,-0.53,-0.49,-0.73,0.81,1.25,-0.32,1,-0.143
1988 Aug,-0.14,-1.18,0.54,-0.19,0.77,-0.07,1.5,0.255
1988 Sep,-1.9,1.33,0.39,-1.08,0.42,-0.82,1.8,1.039
1988 Oct,0.11,1.84,0.19,0.1,-0.66,-0.66,1.4,0.032
1988 Nov,0.38,-0.49,1.19,-1.75,-1.36,-0.49,1.7,-0.035
1988 Dec,0,0.8,0.75,-1.98,-1.18,0.48,1.2,1.679
1989 Jan,-2.14,0.8,1.14,-0.31,0.7,0.85,1.5,3.106
1989 Feb,-0.4,1.43,-0.23,-1.14,0.22,1.82,1.2,3.279
1989 Mar,-0.39,0.15,-0.28,-0.62,-0.62,1.54,1.1,1.53
1989 Apr,-2.01,0.22,-1.11,1.96,1.12,0.16,1.6,-0.25
1989 May,-0.03,-0.19,-0.04,-1.85,-0.26,1.33,1.2,0.889
1989 Jun,-1.29,1.32,-1.2,0.78,-0.87,0.03,0.7,0.345
1989 Jul,-1.81,1.1,-2.04,0.2,0.02,1,0.9,0.866
1989 Aug,-1.31,0.31,0.05,0.21,-0.57,-0.11,-0.3,0.551
1989 Sep,-0.4,0.78,-1.12,0.59,-0.57,2.15,0.5,0.703
1989 Oct,1.23,0.78,0.99,-0.65,-0.35,0.48,0.8,0.991
1989 Nov,0.82,1.89,0.55,0.89,-1.88,0.03,-0.2,0.034
1989 Dec,0.02,-0.47,0.07,-1.58,1.42,-1.15,-0.5,-0.644
1990 Jan,2.11,-2.16,0.18,0.16,0.19,0.7,-0.1,1.001
1990 Feb,0.11,-0.67,-0.14,-1.68,1.55,1.16,-1.8,3.402
1990 Mar,1.7,0.81,-0.03,-1.97,1.31,1.13,-0.4,2.99
1990 Apr,1.08,0.98,-1.11,-0.72,-0.67,2.03,0.2,1.879
1990 May,1.06,2.23,2.25,0.74,-1.27,-1.37,1.2,0.943
1990 Jun,-1.17,-1.36,-0.54,0.03,0.57,0.29,0.3,0.304
1990 Jul,2.19,-1.39,0.54,-0.79,0.02,0.56,0.5,-0.296
1990 Aug,-1.16,-0.19,0.45,-0.15,-0.24,1.12,-0.2,-0.18
1990 Sep,1.43,-2.21,0.33,-0.21,-1.44,1.18,-0.7,-0.21
1990 Oct,1.22,1.47,0.66,1.22,0.18,0.76,0.3,0.66
1990 Nov,-0.37,0.48,1.24,-0.08,-0.15,-0.39,-0.5,0.521
1990 Dec,0.54,0.87,-0.63,-0.15,-0.78,0.11,-0.2,1.277
1991 Jan,0.88,-0.64,0.93,0,0.92,0.49,0.6,0.723
1991 Feb,-0.18,0.58,-0.67,1.72,0.15,0.74,0.3,-0.876
1991 Mar,0.83,-0.23,0.3,0.92,0.7,-0.61,-0.7,-0.527
1991 Apr,-0.79,2.01,-1.28,-0.86,-0.86,0.17,-0.6,0.53
1991 May,0.1,0.23,-0.81,-1.53,-2.66,0.12,-1,0.486
1991 Jun,-0.57,-0.89,-1.17,-0.71,-1.45,-0.52,-0.1,-0.115
1991 Jul,0.02,0.32,1.35,-0.51,-0.86,-0.46,0,-0.188
1991 Aug,-0.89,0.82,0.43,-0.28,0.05,1.46,-0.4,0.797
1991 Sep,0.06,-0.28,0.48,-1.37,0.48,0.61,-1.5,-0.112
1991 Oct,-0.62,0.95,-0.86,0.18,-1.63,0.3,-1,-0.252
1991 Nov,-0.66,1.67,-0.69,0.02,0.49,0.37,-0.7,0.285
1991 Dec,1.31,1.74,1.99,0.01,-1.3,0.34,-1.8,1.613
1992 Jan,0.08,1.11,2.49,-0.02,-0.54,-0.66,-2.9,0.55
1992 Feb,0.3,0.45,0.92,-0.03,-0.19,0.77,-0.9,1.122
1992 Mar,1.21,0.83,-0.7,0.41,-0.08,0.51,-2,0.984
1992 Apr,-0.16,-1.62,0.77,0.32,0.04,1.88,-1,-0.521
1992 May,0.12,1.81,1.53,-0.67,0.53,2.49,0.3,1.341
1992 Jun,0.88,1.64,1.55,2.34,-0.31,0.51,-0.6,-0.302
1992 Jul,-0.97,1.9,1.15,-1.03,-1.23,0.19,-0.6,0.191
1992 Aug,-0.62,0.79,0.99,-1.24,1.74,0.97,0.4,0.535
1992 Sep,0.8,-1.4,-1.4,1.59,-0.22,-0.28,0.1,-0.64
1992 Oct,-3,1.14,1.53,-0.08,-2.36,-1.4,-1.4,-0.366
1992 Nov,0.41,-0.75,0.13,-0.73,1,1.12,-0.7,0.717
1992 Dec,0.3,0.96,0.36,-0.18,-0.05,0.35,-0.6,1.627
1993 Jan,-0.5,1.12,0.64,-1.29,0.63,1.35,-0.9,3.495
1993 Feb,-1.1,1.27,1.83,0.06,-1.82,0.12,-0.7,0.184
1993 Mar,1.86,2.1,0.43,-0.1,-0.03,0.3,-0.5,0.764
1993 Apr,-0.16,-0.11,0.39,0.59,-1.08,0.91,-1.2,-0.435
1993 May,0.57,-0.05,-0.87,1.49,-0.68,-0.67,-0.3,-1.607
1993 Jun,-0.28,-1.77,0.87,-0.48,-0.44,-0.29,-0.8,-0.52
1993 Jul,1.97,-0.28,-0.21,-0.18,-1.41,-3.14,-0.8,-0.511
1993 Aug,0.74,-2.02,-0.33,-0.63,-0.81,0.03,-0.9,-0.393
1993 Sep,-0.77,-0.69,2.23,1.18,-0.46,-0.41,-0.7,-0.361
1993 Oct,-1.05,0.54,0.99,0.76,-1.13,-0.26,-1.1,-0.565
1993 Nov,0.43,0.87,0.58,1.9,-0.77,2.56,-0.1,1.002
1993 Dec,1.06,-0.04,-0.95,-0.04,0.43,1.36,0.2,-0.104
1994 Jan,1.21,-0.55,-1.21,-0.24,0,0.7,-0.1,-0.288
1994 Feb,1.15,-0.63,1.14,1.25,0.83,0.08,0.3,-0.862
1994 Mar,0.92,0.33,-1.77,-0.72,0.7,0.92,-0.7,1.881
1994 Apr,-1.2,-0.82,-0.82,0.4,0.05,1.1,-1.3,0.225
1994 May,1.13,0.96,0.82,0.52,0.79,-0.48,-0.7,-0.115
1994 Jun,-1.71,-0.64,-0.15,-1.54,0.74,1.84,-0.4,1.606
1994 Jul,-0.42,0.41,1.69,0.6,0.97,1.34,-1.3,0.351
1994 Aug,-2.6,1.15,0.79,0.5,0.75,0.36,-1.2,0.828
1994 Sep,-1.35,0.09,-0.82,-0.02,-0.79,-1.14,-1.6,-0.084
1994 Oct,-1.81,1.01,-0.25,-1.33,-0.9,-0.54,-1.1,0.174
1994 Nov,-0.65,0.19,2.17,-0.53,0.76,0.54,-0.6,1.779
1994 Dec,-2.05,1.43,1.35,1.35,0.97,1.78,-1.2,0.894
1995 Jan,-0.45,0.44,-1.11,-0.09,0.09,0.57,-0.4,-0.154
1995 Feb,-1.4,-0.27,-0.6,-2.08,1.03,0.85,-0.1,1.429
1995 Mar,-2.19,-0.06,0.56,-0.32,-2.46,0.91,0.8,0.393
1995 Apr,-2.24,-1.54,-1.18,-0.98,-1.71,-1.07,-0.7,-0.963
1995 May,1.6,0.16,-0.82,-0.35,0.06,-1.33,-0.4,-0.891
1995 Jun,0.22,0.74,0.15,1.69,-1.84,0.44,0.1,-0.112
1995 Jul,2.19,1.26,0.99,-0.36,-0.8,-0.19,0.4,-0.217
1995 Aug,0.43,-0.19,0.83,0.06,-2.09,0.76,0.3,0.544
1995 Sep,2.84,0.21,-1.2,0.22,-0.37,0.45,0.3,-0.549
1995 Oct,0.67,-0.01,0.54,0.69,0.53,0.72,0,0.075
1995 Nov,0.27,0.72,0.52,-0.25,-1.35,-1.59,0,-0.723
1995 Dec,1.74,0.95,0.69,-0.89,0.57,-1.64,-0.5,-2.127
1996 Jan,0.37,0.63,-0.47,2.86,-0.53,-0.65,1,-1.2
1996 Feb,-1.85,2.06,-1.29,-0.22,-1.12,-0.52,0.3,0.163
1996 Mar,0.75,1.21,-1.23,2.15,-0.65,-0.66,1.1,-1.483
1996 Apr,-1.55,-1.53,0.72,1.24,-0.69,-0.33,0.8,-1.525
1996 May,0.54,1.31,0.01,0.36,-0.38,-0.93,0.3,-0.226
1996 Jun,0.42,-0.65,-0.5,-0.33,-0.53,0.87,1.2,0.497
1996 Jul,-0.7,1.22,-0.67,-1.59,0.39,0.7,0.7,0.715
1996 Aug,0.14,0.16,0.88,2.93,-0.08,1.19,0.7,0.125
1996 Sep,-1.07,-0.93,1.47,1.03,-0.95,-0.69,0.6,-1.14
1996 Oct,1.85,-0.26,0.14,0.4,0.49,0.15,0.6,0.183
1996 Nov,2.77,0.47,-2.39,0.01,1.38,-0.72,-0.1,0.136
1996 Dec,0.38,-0.99,-0.82,-0.19,-1.52,-1.4,0.9,-1.721
1997 Jan,-1.33,2.06,1.68,0.07,-0.13,-1.08,0.5,-0.457
1997 Feb,-1.99,-0.18,0.61,-0.87,1.06,1.48,1.7,1.889
1997 Mar,-2.13,-1.52,-0.55,-1.33,0.27,1.13,-0.4,1.091
1997 Apr,1.04,0.91,1.52,-2.44,-1.91,-1.25,-0.6,0.324
1997 May,1.82,-0.54,0.73,-0.66,0.61,-0.21,-1.3,-0.961
1997 Jun,1,0.76,1.26,1.64,-0.75,-1.17,-1.4,-0.815
1997 Jul,0.3,-0.8,1.14,2.61,-0.41,0.37,-0.8,-0.431
1997 Aug,-0.09,0.97,-0.57,1.18,0.18,0.94,-1.4,0.121
1997 Sep,2.2,-0.29,0.31,-1.42,-0.81,0.74,-1.4,0.195
1997 Oct,0.27,0.29,1.3,-2.17,-1.5,-1.34,-1.5,-0.7
1997 Nov,-0.57,1.18,1.52,1.42,0.92,-1.08,-1.2,-0.661
1997 Dec,1.12,1.62,0.26,0.61,1.74,-0.98,-1,-0.071
1998 Jan,-0.44,-1.75,0.55,0.59,0.14,-0.05,-2.7,-2.081
1998 Feb,0.21,0.62,2.72,-0.56,1.33,-0.57,-2,-0.183
1998 Mar,1.91,0.05,-1.11,-0.05,0.49,0.51,-2.4,-0.254
1998 Apr,-1.18,-0.07,0.55,0.54,2.39,-0.88,-1.4,-0.038
1998 May,-0.72,1.49,-0.6,0.25,-1.25,-1.17,0.3,0.429
1998 Jun,-2.21,-0.24,-1.56,-1.02,-0.03,-2.44,1,-0.711
1998 Jul,0.06,-1.15,-1.25,-1.63,1.04,-0.45,1.2,-0.212
1998 Aug,-1.61,-2,0.12,-2.19,1.31,-0.15,1.2,0.65
1998 Sep,-0.43,-0.14,0.54,1.41,0.17,-1.8,1,-1.05
1998 Oct,-0.5,-1.18,-0.53,-0.49,0.71,0.2,1.1,0.294
1998 Nov,0.34,-3.44,-0.22,-0.37,0.11,-0.43,1,-1.449
1998 Dec,1,-0.49,-0.67,-0.95,0.67,0.72,1.4,1.353
1999 Jan,-0.01,-0.47,-0.89,-0.01,-0.27,0.39,1.8,0.11
1999 Feb,1.93,0.11,-0.57,-1.71,-1.64,-0.11,1,0.482
1999 Mar,1.19,-1.35,1.39,1.68,-2.01,-0.16,1.3,-1.492
1999 Apr,-2.29,0.29,0.42,-0.25,1.01,-1.18,1.4,0.284
1999 May,-0.01,-1.6,1.66,-1.28,0.41,0.9,0.2,0.226
1999 Jun,-0.18,0.8,-0.74,0.49,0.13,1.44,0.3,0.707
1999 Jul,0.12,1.76,0.8,-0.01,0.48,-0.87,0.5,-0.002
1999 Aug,0.38,0.29,1.17,-0.39,-0.27,0.38,0.4,-0.672
1999 Sep,-0.1,-0.03,-0.5,1.24,1.07,0.5,-0.1,0.059
1999 Oct,0.24,-0.08,-0.61,0.81,-0.16,0.73,1,-0.006
1999 Nov,-0.45,-1.06,-0.43,-0.39,-1.02,0.55,1,0.611
1999 Dec,-0.76,0.41,-0.93,-0.34,0.46,1.4,1.4,1.043
2000 Jan,-0.7,-0.18,0.65,-1.02,-1.97,0.19,0.7,1.27
2000 Feb,-0.96,-1.55,0.1,-1.16,0.41,1.48,1.7,1.076
2000 Mar,-1.95,-1.52,-1.13,-0.92,-0.68,0.4,1.3,-0.451
2000 Apr,-1.58,-0.29,-0.95,0.34,0.33,-0.18,1.2,-0.279
2000 May,-0.91,-0.24,0.96,0.27,0.2,1.52,0.4,0.969
2000 Jun,-0.56,1.6,-0.34,-1.14,1.41,0.28,-0.2,0.586
2000 Jul,-1.79,-0.25,-1.64,1.46,-0.27,-1,-0.2,-0.649
2000 Aug,-0.05,-0.22,1.17,-0.11,-0.21,-0.5,0.7,0.144
2000 Sep,-1.84,0.25,1.19,1.42,-0.14,-0.06,0.9,0.395
2000 Oct,-0.91,-0.64,-1.45,1.07,1.22,1.51,1.1,0.317
2000 Nov,-0.33,0.42,-0.9,1.91,0.64,-1.1,1.8,-1.581
2000 Dec,0.87,-1.17,-0.77,0.94,1.63,-0.63,0.8,-2.354
2001 Jan,0.58,-0.55,-0.85,1.45,1.53,-0.22,1,-0.959
2001 Feb,-0.81,-1.28,0.12,-0.07,-0.39,0.07,1.7,-0.622
2001 Mar,1.85,-0.55,-0.35,-0.53,1.23,-1.73,0.9,-1.687
2001 Apr,-0.17,1.21,-0.59,-0.52,0.65,-0.15,0.2,0.906
2001 May,1.35,-0.12,1.48,-0.73,0.33,0.03,-0.5,0.452
2001 Jun,-0.17,-1.44,0.48,-0.58,-0.14,0.11,0.3,-0.015
2001 Jul,0.97,0.49,-0.62,0.57,0.67,-0.22,-0.2,-0.031
2001 Aug,-0.5,-0.36,0.53,-0.55,1.83,-0.22,-0.4,0.521
2001 Sep,0.85,-0.69,-1.08,0.45,-0.98,-0.49,0.2,-0.707
2001 Oct,0.34,0.73,0.54,1.32,1.16,0.25,0,0.707
2001 Nov,0.7,0.31,-0.67,-2.06,-0.62,0.53,0.7,0.819
2001 Dec,0.82,0.6,0.46,0.68,-0.89,-0.86,-0.8,-1.322
2002 Jan,-0.96,0.15,0.7,-0.7,1.68,0,0.4,1.381
2002 Feb,0.55,0.37,-0.56,-1.61,1.43,0.8,1.1,1.304
2002 Mar,2,-1.07,0.39,-0.39,0.63,0.32,-0.2,0.902
2002 Apr,-3.11,0.95,-0.38,0.94,-0.19,1.14,-0.1,0.748
2002 May,0.47,0.21,0.52,1.3,0.15,-0.15,-0.8,0.401
2002 Jun,0.08,-0.29,0.18,-0.43,1.65,0.69,-0.2,0.573
2002 Jul,0.15,0.37,-0.65,0.2,0.67,0.65,-0.5,0.328
2002 Aug,-1.44,-0.06,0.09,1.22,-0.39,0.36,-1,-0.229
2002 Sep,-0.04,1.73,0.46,0.88,-1.87,-0.54,-0.6,-0.043
2002 Oct,-0.44,-0.84,0.78,0.06,0.7,-1.97,-0.4,-1.489
2002 Nov,-1,-0.04,0.45,0.8,0.67,-0.32,-0.5,-1.425
2002 Dec,0.6,-0.3,1.6,0.96,0.62,-0.96,-1.1,-1.592
2003 Jan,2.85,1.24,-0.39,-0.51,1.11,-0.32,-0.2,-0.472
2003 Feb,0.8,1.09,0.87,1.55,-0.09,0.26,-0.7,0.128
2003 Mar,0.37,1.01,1.24,-0.36,0.96,-0.07,-0.3,0.933
2003 Apr,-1.14,0.8,0.31,0.9,-0.54,-0.34,-0.1,-0.178
2003 May,0,0.04,-0.85,-0.67,1.73,0.06,-0.3,1.017
2003 Jun,-1.71,-0.4,1.79,-0.77,1.31,0.24,-0.6,-0.102
2003 Jul,1.92,-0.77,-0.23,1.01,1.26,0.16,0.3,0.075
2003 Aug,1.4,-1.22,-1.58,-1.31,-0.16,-0.22,0.1,-0.28
2003 Sep,1.12,1.43,-1.04,-0.13,0.75,0.16,-0.1,0.467
2003 Oct,0.56,-0.89,-0.58,-0.62,-1.89,-0.86,0,-0.67
2003 Nov,0.91,-0.69,0.32,1.51,0.98,0.77,-0.3,0.642
2003 Dec,-0.97,0.67,0.31,-0.94,-0.49,0.5,1.1,0.265
2004 Jan,-0.4,-0.23,-0.35,-0.25,-0.45,-0.85,-1.3,-1.686
2004 Feb,-1.26,-1.2,0.63,-0.14,0.32,-0.6,1.2,-1.528
2004 Mar,-1.26,-1.13,0.87,1.12,1.21,0.67,0.4,0.318
2004 Apr,-0.52,-1.73,0.9,1.04,-0.34,1.11,-0.9,-0.409
2004 May,-0.37,-1.2,-0.12,-1.53,-1.18,0.23,1,-0.094
2004 Jun,-0.41,0.14,-0.06,-1.26,0.67,-0.59,-0.8,-0.236
2004 Jul,1.31,-1.6,-0.28,-0.5,-0.23,1.16,-0.5,-0.201
2004 Aug,-0.71,1.48,-1.22,0.55,0.05,-0.74,-0.3,-0.72
2004 Sep,-1.12,-0.66,-0.17,-0.21,0.09,0.52,-0.3,0.855
2004 Oct,-0.8,-0.49,-0.43,0.55,-0.6,-0.69,-0.1,-0.515
2004 Nov,0.94,0.43,0.1,-0.97,-1.45,0.63,-0.7,0.678
2004 Dec,-0.48,0.02,0.24,0.13,-1.19,1.03,-0.8,1.23
2005 Jan,1.95,-1.18,0.08,-0.36,-1.77,1.26,0.3,0.356
2005 Feb,-0.36,-0.51,-0.65,0.74,-1.96,-0.51,-3.1,-1.271
2005 Mar,0.37,0.8,0.4,-0.69,0.95,-2.32,0.3,-1.348
2005 Apr,-0.56,0.38,-0.02,0.17,1.54,-0.47,-0.6,-0.046
2005 May,0.75,-0.37,-1.3,-1.49,1.03,-1.11,-0.8,-0.763
2005 Jun,-0.52,-1.16,0.36,-0.44,-1.6,0.26,0.4,-0.383
2005 Jul,-0.42,0.24,0.22,0.68,0.92,-0.48,0.2,-0.03
2005 Aug,-2.11,0.37,-1.6,0,0.56,0.35,-0.3,0.026
2005 Sep,-1.15,1.34,-0.91,-0.5,1.44,0.76,0.4,0.802
2005 Oct,-1.24,0.31,-0.88,0.48,0.57,-0.55,1.2,0.03
2005 Nov,-0.74,0.25,-1.14,0.49,-0.36,-0.46,-0.2,0.228
2005 Dec,-0.52,0.03,-0.71,0.94,-1.22,-0.5,0,-2.104
2006 Jan,-1.33,-1.86,0.82,2.11,-1.03,0.97,1.7,-0.17
2006 Feb,-1.22,0.54,-0.61,0.12,-0.59,-1.02,0.1,-0.156
2006 Mar,-1.15,-0.9,1.52,-0.66,-0.68,-1.75,1.8,-1.604
2006 Apr,-0.79,-1.6,-0.86,-0.11,1.07,1.2,1.1,0.138
2006 May,-1.05,0.07,-0.93,0.13,1.15,-1.01,-0.5,0.156
2006 Jun,-1.36,-0.25,-1.07,-0.11,0.02,1.15,-0.2,1.071
2006 Jul,-1.84,0.55,1.01,-0.66,0.83,0.93,-0.6,0.103
2006 Aug,0.28,0.12,-0.97,1.89,-0.52,-2.35,-1,-0.265
2006 Sep,1.6,1.73,0.41,0.45,1.82,-1.43,-0.6,0.606
2006 Oct,0.57,-0.5,0.5,1.22,0.66,-1.92,-1.3,-1.029
2006 Nov,1.23,-0.97,-0.27,-0.45,1.68,0.33,0.1,0.521
2006 Dec,-1.69,0.54,1.31,-0.04,1,1.15,-0.3,2.282
2007 Jan,-0.35,-0.19,0,-2.33,1.51,-0.25,-0.8,2.034
2007 Feb,-1.31,-1.14,0.74,0.54,1.68,-0.98,-0.1,-1.307
2007 Mar,0.71,-0.08,-0.02,0.53,0.21,1.11,0.2,1.182
2007 Apr,-0.33,-0.16,1.53,-1.32,-1.23,0.04,-0.1,0.544
2007 May,-0.46,0.01,0.03,0.42,1.01,0.66,-0.1,0.894
2007 Jun,-0.18,-0.44,0.11,1.05,0.55,-1.01,0.5,-0.555
2007 Jul,1.32,-0.62,-0.3,-0.2,-0.03,-0.55,-0.3,-0.397
2007 Aug,-0.94,1.67,-1.7,-0.13,0.07,-0.31,0.4,-0.034
2007 Sep,0.21,0.89,-0.77,-0.53,-0.52,0.85,0.2,0.179
2007 Oct,0.95,-0.81,-1.07,-0.16,-0.33,1,0.7,0.383
2007 Nov,0.43,-0.65,-0.5,-0.81,-2.07,0.48,0.9,-0.519
2007 Dec,1.84,-0.15,0.28,0.43,-0.12,0.23,1.7,0.821
2008 Jan,0.87,-0.35,-0.64,0.46,-0.35,0.53,1.8,0.819
2008 Feb,-1.52,0.26,0.12,-0.21,0.47,0.38,2.6,0.938
2008 Mar,-1.02,-0.07,-0.47,-1.76,0.16,-0.32,1.4,0.586
2008 Apr,0.32,-0.55,-0.38,0.18,0.88,-1.31,0.7,-0.455
2008 May,0.25,0.07,0.71,0.53,-0.85,-1.55,-0.1,-1.205
2008 Jun,0.8,0.37,0.06,-0.15,0.85,-1.09,0.6,-0.09
2008 Jul,-0.3,-0.54,0.53,1.33,0.85,-1.24,0.3,-0.48
2008 Aug,-0.4,0.77,-0.28,-0.28,-0.08,-1.62,1,-0.08
2008 Sep,0.64,-0.31,-0.77,1.16,-0.3,1.14,1.2,-0.327
2008 Oct,0.76,1.37,-0.9,-0.97,0.08,0.47,1.3,1.676
2008 Nov,1.27,0.58,-1.28,-0.71,-0.89,-0.47,1.3,0.092
2008 Dec,1.52,-0.48,-1.46,0.38,-1.44,-0.35,1.4,0.648
2009 Jan,-0.48,0.57,-1.33,0.06,1.13,-0.52,1.1,0.8
2009 Feb,1.65,-0.08,-1.17,0.53,-0.72,-0.38,1.9,-0.672
2009 Mar,0.13,-0.71,0.18,-0.51,-1.34,0.19,0.4,0.121
2009 Apr,-0.19,1.5,1.26,-0.12,0.26,-0.36,0.8,0.973
2009 May,-0.35,-0.59,0.21,0.38,1.12,1.61,-0.1,1.194
2009 Jun,-1.26,0.15,1.23,0.27,-1.05,-0.91,0.1,-1.351
2009 Jul,-1.01,-0.83,0.7,-1.13,0.33,-2.11,0.2,-1.356
2009 Aug,0.38,-0.15,-0.3,-0.21,1.85,-0.37,-0.2,-0.054
2009 Sep,-1.01,0.46,-0.22,-0.8,0.59,1.62,0.3,0.875
2009 Oct,0.16,-1.98,0.34,-0.74,0.96,-0.61,-1.2,-1.54
2009 Nov,-2.09,-0.56,-0.42,0.82,1.48,-0.16,-0.6,0.459
2009 Dec,-2.2,-1.41,-0.82,0.86,0.93,-1.88,-0.7,-3.413
2010 Jan,0.6,0.16,-0.55,1.23,0.38,-1.8,-1.1,-2.587
2010 Feb,0.95,-1.88,-1.02,1.04,1.25,-2.69,-1.5,-4.266
2010 Mar,1.73,-1.16,1.08,-0.4,1.23,-1.33,-0.7,-0.432
2010 Apr,-1.01,-0.4,-0.67,-0.33,0.09,-0.93,1.2,-0.275
2010 May,-0.34,-1.75,-2.05,0.47,-1.39,-1.33,0.9,-0.919
2010 Jun,-0.79,2.11,-1.91,-0.55,0.34,-0.52,0.4,-0.013
2010 Jul,1.31,1.45,-1.42,0.79,1.8,-0.39,1.8,0.435
2010 Aug,-0.06,1.14,-0.77,-0.3,1.17,-1.69,1.8,-0.117
2010 Sep,0.27,0.05,-1.08,0.5,0.55,-0.62,2.2,-0.865
2010 Oct,-0.63,-1.06,-0.03,0.33,-0.78,-0.5,1.7,-0.467
2010 Nov,0.99,1.17,-0.96,-0.08,0.24,-1.84,1.3,-0.376
2010 Dec,-0.67,0.49,-1.99,0.6,-0.49,-1.8,2.9,-2.631
2011 Jan,0.92,-0.4,-0.38,-0.24,-1.31,-1.53,2.3,-1.683
2011 Feb,-1.44,0.12,0.58,0.3,0.41,0.35,2.7,1.575
2011 Mar,-0.2,0.95,0.08,-0.98,-0.77,0.24,2.5,1.424
2011 Apr,-1.26,-0.33,1.23,-0.4,-0.59,2.55,1.9,2.275
2011 May,-0.77,-0.58,-1.52,-1.08,-0.67,-0.01,0.4,-0.035
2011 Jun,-0.68,-1.05,-0.33,-0.57,-0.22,-0.98,0.2,-0.858
2011 Jul,-0.09,-0.31,-0.79,2.48,0.41,-1.48,1,-0.472
2011 Aug,0.79,-0.29,0.97,0.24,1.04,-1.85,0.4,-1.063
2011 Sep,1,-1.13,-0.29,-0.61,1.77,0.67,1,0.665
2011 Oct,-2.72,0.3,0.12,-0.27,-0.28,0.94,0.8,0.8
2011 Nov,-0.97,-0.4,2.08,0.62,-0.09,1.3,1.1,1.459
2011 Dec,1,0.73,-0.5,0.53,0.11,2.25,2.5,2.221
2012 Jan,-2.04,-2.34,-0.46,0.57,-1.76,0.86,1.1,-0.22
2012 Feb,0.38,0.19,-0.64,0.34,-1.73,0.03,0.5,-0.036
2012 Mar,-1.16,-1.42,1.35,-0.47,-0.64,0.93,0.7,1.037
2012 Apr,0.21,-0.97,-1.59,-0.93,-0.28,0.37,-0.3,-0.035
2012 May,0.89,-0.11,-0.47,-0.58,0.52,-0.79,0,0.168
2012 Jun,-0.53,-1.75,0.01,-1.42,-0.11,-2.25,-0.4,-0.672
2012 Jul,1.3,1.01,-1.43,-0.56,1.02,-1.29,0,0.168
2012 Aug,-2.19,0.98,1.15,0.85,1.36,-1.39,-0.2,0.014
2012 Sep,0.74,-0.7,-0.49,-0.93,0.38,-0.43,0.2,0.772
2012 Oct,0.94,-0.17,-1.01,-0.28,-0.32,-1.73,0.3,-1.514
2012 Nov,0.12,-0.19,-0.59,0.68,1.15,-0.74,0.3,-0.111
2012 Dec,-0.34,0.35,-0.88,2,0.68,0.07,-0.6,-1.749
2013 Jan,0.01,-1.86,0.46,0.08,0.88,-0.11,-0.1,-0.61
2013 Feb,2.05,0.34,-1.28,1,0.14,-0.96,-0.2,-1.007
2013 Mar,0.93,-1.9,2.31,-0.57,-0.24,-2.09,1.5,-3.185
2013 Apr,0,-1.64,-0.4,-1.1,1.31,0.6,0.2,0.322
2013 May,0.44,0.02,-2.06,0.48,0.14,0.58,0.8,0.494
2013 Jun,-1.89,-0.01,-2.3,0.3,0.66,0.83,1.2,0.549
2013 Jul,-0.46,-0.3,-0.17,-0.03,0.63,0.7,0.8,-0.011
2013 Aug,1.88,-0.03,-1.94,-0.82,0.34,1.12,0.2,0.154
2013 Sep,1.73,-1.59,-0.58,0.38,-0.57,0.38,0.3,-0.461
2013 Oct,0.93,0.75,0.63,0.67,1.39,-0.88,-0.1,0.263
2013 Nov,-0.05,2.58,-0.88,-0.7,0.09,0.81,0.7,2.029
2013 Dec,1.2,-0.83,-0.36,-0.73,1.2,0.79,0.1,1.475
2014 Jan,-1.02,-0.79,-1.32,1.75,1.37,-0.17,1.4,-0.969
2014 Feb,-1.18,-1.86,-1.93,1.1,2.23,1.07,0.1,0.044
2014 Mar,-1.67,0.04,-0.11,-0.47,0.92,0.44,-0.9,1.206
2014 Apr,-0.74,1.02,1.23,-0.66,0.52,0.19,0.8,0.972
2014 May,0.84,0.98,-1.45,-0.49,0.38,-0.8,0.5,0.464
2014 Jun,-1.71,-0.01,0.03,0.19,-1.03,-0.67,0.2,-0.507
2014 Jul,-0.49,-0.93,-0.31,1.56,0.58,0.21,-0.2,-0.489
2014 Aug,-1.25,1.57,-1.69,-0.59,0.75,-2.28,-0.7,-0.372
2014 Sep,0.16,1.1,0.47,1.14,0.2,1.72,-0.7,0.102
2014 Oct,1.42,-1.03,-0.37,1.11,1.02,-0.87,-0.6,-1.134
2014 Nov,1.13,1.75,1.28,1.77,0.43,0.58,-0.9,-0.53
2014 Dec,1.95,-0.93,-0.44,-0.4,-0.59,1.63,-0.6,0.413
2015 Jan,2.02,-0.03,-0.24,-0.18,1.11,1.57,-0.8,1.092
2015 Feb,-0.2,2.09,-0.92,-0.37,-0.04,1.05,0.2,1.043
2015 Mar,-0.55,0.68,0.27,0.39,1.2,1.12,-0.7,1.837
2015 Apr,-0.02,-0.88,1.12,-1.49,0.88,0.64,0,1.216
2015 May,0.98,0.5,-1.5,-2.15,0.71,0.19,-0.7,0.763
2015 Jun,-1.32,-0.2,-0.78,-1.52,1.06,0.24,-0.6,0.427
2015 Jul,0.67,0.39,2.01,-1.11,0.22,-3.14,-1.1,-1.108
2015 Aug,-2.3,0.13,-0.37,0.87,1.08,-1.1,-1.4,-0.689
2015 Sep,-0.49,-0.13,-1.67,1.09,0.15,-0.49,-1.6,-0.165
2015 Oct,-0.61,-0.47,0.59,0.62,0.22,0.99,-1.7,-0.25
2015 Nov,-0.98,-0.66,0.56,-0.4,1.55,1.7,-0.5,1.945
2015 Dec,1.99,0.58,1.28,0.08,3.14,1.99,-0.6,1.444
2016 Jan,0.44,-2.63,-0.5,-0.68,1.01,-0.37,-2.2,-1.449
2016 Feb,-1.26,-2.33,-2.39,-0.54,1.85,1.35,-2,-0.024
2016 Mar,-2.29,-0.23,0.26,-0.23,0.71,0.37,-0.1,0.28
2016 Apr,-0.34,-1.59,-0.5,-0.11,0.97,0.26,-1.2,-1.051
2016 May,-1.16,-0.36,-1.99,1.05,0.22,-0.67,0.4,-0.036
2016 Jun,1.33,-1.07,-1.85,-0.95,0.41,-0.13,0.6,0.313
2016 Jul,-0.81,-0.24,-1.01,-0.7,1.82,-1.72,0.4,0.085
2016 Aug,-1.53,2.43,-3.3,-0.44,2.08,-2.24,0.7,0.472
2016 Sep,-0.19,-1.31,0.13,-0.99,3.48,0.74,1.2,0.781
2016 Oct,-0.72,-2.94,-1.33,1.05,0.42,0.96,-0.3,-1.917
2016 Nov,-0.67,-2.78,-0.93,-0.06,-0.45,-0.31,-0.1,-0.611
2016 Dec,-0.43,-1.1,1.52,-1.18,0.87,0.35,0.3,1.786
2017 Jan,-0.62,0.96,0.63,0.17,-1.15,0.05,0.2,0.942
2017 Feb,-0.62,-0.38,1.14,0.67,0.58,0.69,-0.1,0.34
2017 Mar,-0.56,0.73,-1.02,-1.02,1.03,0.37,0.9,1.365
2017 Apr,-0.52,-1.37,0.71,-1.45,-0.62,1.74,-0.2,-0.089
2017 May,-1.16,0.46,1.48,0.95,0.54,-1.72,0.3,-0.73
2017 Jun,1.58,-0.11,0.34,-1.43,2.03,0.35,-0.4,0.402
2017 Jul,0.92,-0.05,-0.58,0.03,1.83,1.28,0.8,0.634
2017 Aug,-0.52,1.83,-2.93,-1.57,2.02,-1.53,0.5,0.15
2017 Sep,0.42,-1.66,-2.52,0.46,1.58,-0.45,0.6,-0.492
2017 Oct,-1.09,-1.17,-0.02,0.3,0.62,0.71,0.9,0.69
2017 Nov,-1.45,-2.23,-1.21,-0.08,0.12,-0.14,0.9,-0.078
2017 Dec,1.52,-1.95,-1.63,-0.48,-0.5,0.73,-0.1,-0.059
